Workbook

Sheet Resumo
A1: Estoque Inteligente - Plano de casos de teste
A2: Os contadores recalculam a partir da aba 'Casos de teste'. Edite apenas Status, Responsável e Observações naquela aba.
A4: Código | B4: Módulo | C4: Total | D4: Positivo | E4: Negativo | F4: Regra/limite | G4: Passou | H4: Falhou | I4: Pendente
A5: AUT | B5: Autenticar | C5: =COUNTIF('Casos de teste'!$B$2:$B$142,B5) -> 10 | D5: =COUNTIFS('Casos de teste'!$B$2:$B$142,$B5,'Casos de teste'!$D$2:$D$142,"Positivo") -> 2 | E5: =COUNTIFS('Casos de teste'!$B$2:$B$142,$B5,'Casos de teste'!$D$2:$D$142,"Negativo") -> 6 | F5: =COUNTIFS('Casos de teste'!$B$2:$B$142,$B5,'Casos de teste'!$D$2:$D$142,"Regra/limite") -> 2 | G5: =COUNTIFS('Casos de teste'!$B$2:$B$142,$B5,'Casos de teste'!$L$2:$L$142,"Passou") -> 0 | H5: =COUNTIFS('Casos de teste'!$B$2:$B$142,$B5,'Casos de teste'!$L$2:$L$142,"Falhou") -> 0 | I5: =COUNTIFS('Casos de teste'!$B$2:$B$142,$B5,'Casos de teste'!$L$2:$L$142,"Pendente") -> 10
A6: USR | B6: Usuários | C6: =COUNTIF('Casos de teste'!$B$2:$B$142,B6) -> 9 | D6: =COUNTIFS('Casos de teste'!$B$2:$B$142,$B6,'Casos de teste'!$D$2:$D$142,"Positivo") -> 3 | E6: =COUNTIFS('Casos de teste'!$B$2:$B$142,$B6,'Casos de teste'!$D$2:$D$142,"Negativo") -> 3 | F6: =COUNTIFS('Casos de teste'!$B$2:$B$142,$B6,'Casos de teste'!$D$2:$D$142,"Regra/limite") -> 3 | G6: =COUNTIFS('Casos de teste'!$B$2:$B$142,$B6,'Casos de teste'!$L$2:$L$142,"Passou") -> 0 | H6: =COUNTIFS('Casos de teste'!$B$2:$B$142,$B6,'Casos de teste'!$L$2:$L$142,"Falhou") -> 0 | I6: =COUNTIFS('Casos de teste'!$B$2:$B$142,$B6,'Casos de teste'!$L$2:$L$142,"Pendente") -> 9
A7: PER | B7: Permissões | C7: =COUNTIF('Casos de teste'!$B$2:$B$142,B7) -> 6 | D7: =COUNTIFS('Casos de teste'!$B$2:$B$142,$B7,'Casos de teste'!$D$2:$D$142,"Positivo") -> 2 | E7: =COUNTIFS('Casos de teste'!$B$2:$B$142,$B7,'Casos de teste'!$D$2:$D$142,"Negativo") -> 3 | F7: =COUNTIFS('Casos de teste'!$B$2:$B$142,$B7,'Casos de teste'!$D$2:$D$142,"Regra/limite") -> 1 | G7: =COUNTIFS('Casos de teste'!$B$2:$B$142,$B7,'Casos de teste'!$L$2:$L$142,"Passou") -> 0 | H7: =COUNTIFS('Casos de teste'!$B$2:$B$142,$B7,'Casos de teste'!$L$2:$L$142,"Falhou") -> 0 | I7: =COUNTIFS('Casos de teste'!$B$2:$B$142,$B7,'Casos de teste'!$L$2:$L$142,"Pendente") -> 6
A8: FOR | B8: Fornecedores | C8: =COUNTIF('Casos de teste'!$B$2:$B$142,B8) -> 8 | D8: =COUNTIFS('Casos de teste'!$B$2:$B$142,$B8,'Casos de teste'!$D$2:$D$142,"Positivo") -> 3 | E8: =COUNTIFS('Casos de teste'!$B$2:$B$142,$B8,'Casos de teste'!$D$2:$D$142,"Negativo") -> 3 | F8: =COUNTIFS('Casos de teste'!$B$2:$B$142,$B8,'Casos de teste'!$D$2:$D$142,"Regra/limite") -> 2 | G8: =COUNTIFS('Casos de teste'!$B$2:$B$142,$B8,'Casos de teste'!$L$2:$L$142,"Passou") -> 0 | H8: =COUNTIFS('Casos de teste'!$B$2:$B$142,$B8,'Casos de teste'!$L$2:$L$142,"Falhou") -> 0 | I8: =COUNTIFS('Casos de teste'!$B$2:$B$142,$B8,'Casos de teste'!$L$2:$L$142,"Pendente") -> 8
A9: PRO | B9: Produtos | C9: =COUNTIF('Casos de teste'!$B$2:$B$142,B9) -> 13 | D9: =COUNTIFS('Casos de teste'!$B$2:$B$142,$B9,'Casos de teste'!$D$2:$D$142,"Positivo") -> 5 | E9: =COUNTIFS('Casos de teste'!$B$2:$B$142,$B9,'Casos de teste'!$D$2:$D$142,"Negativo") -> 4 | F9: =COUNTIFS('Casos de teste'!$B$2:$B$142,$B9,'Casos de teste'!$D$2:$D$142,"Regra/limite") -> 4 | G9: =COUNTIFS('Casos de teste'!$B$2:$B$142,$B9,'Casos de teste'!$L$2:$L$142,"Passou") -> 0 | H9: =COUNTIFS('Casos de teste'!$B$2:$B$142,$B9,'Casos de teste'!$L$2:$L$142,"Falhou") -> 0 | I9: =COUNTIFS('Casos de teste'!$B$2:$B$142,$B9,'Casos de teste'!$L$2:$L$142,"Pendente") -> 13
A10: LOT | B10: Lotes | C10: =COUNTIF('Casos de teste'!$B$2:$B$142,B10) -> 9 | D10: =COUNTIFS('Casos de teste'!$B$2:$B$142,$B10,'Casos de teste'!$D$2:$D$142,"Positivo") -> 3 | E10: =COUNTIFS('Casos de teste'!$B$2:$B$142,$B10,'Casos de teste'!$D$2:$D$142,"Negativo") -> 3 | F10: =COUNTIFS('Casos de teste'!$B$2:$B$142,$B10,'Casos de teste'!$D$2:$D$142,"Regra/limite") -> 3 | G10: =COUNTIFS('Casos de teste'!$B$2:$B$142,$B10,'Casos de teste'!$L$2:$L$142,"Passou") -> 0 | H10: =COUNTIFS('Casos de teste'!$B$2:$B$142,$B10,'Casos de teste'!$L$2:$L$142,"Falhou") -> 0 | I10: =COUNTIFS('Casos de teste'!$B$2:$B$142,$B10,'Casos de teste'!$L$2:$L$142,"Pendente") -> 9
A11: ENT | B11: Entrada | C11: =COUNTIF('Casos de teste'!$B$2:$B$142,B11) -> 8 | D11: =COUNTIFS('Casos de teste'!$B$2:$B$142,$B11,'Casos de teste'!$D$2:$D$142,"Positivo") -> 3 | E11: =COUNTIFS('Casos de teste'!$B$2:$B$142,$B11,'Casos de teste'!$D$2:$D$142,"Negativo") -> 3 | F11: =COUNTIFS('Casos de teste'!$B$2:$B$142,$B11,'Casos de teste'!$D$2:$D$142,"Regra/limite") -> 2 | G11: =COUNTIFS('Casos de teste'!$B$2:$B$142,$B11,'Casos de teste'!$L$2:$L$142,"Passou") -> 0 | H11: =COUNTIFS('Casos de teste'!$B$2:$B$142,$B11,'Casos de teste'!$L$2:$L$142,"Falhou") -> 0 | I11: =COUNTIFS('Casos de teste'!$B$2:$B$142,$B11,'Casos de teste'!$L$2:$L$142,"Pendente") -> 8
A12: SAI | B12: Saída e FEFO | C12: =COUNTIF('Casos de teste'!$B$2:$B$142,B12) -> 13 | D12: =COUNTIFS('Casos de teste'!$B$2:$B$142,$B12,'Casos de teste'!$D$2:$D$142,"Positivo") -> 2 | E12: =COUNTIFS('Casos de teste'!$B$2:$B$142,$B12,'Casos de teste'!$D$2:$D$142,"Negativo") -> 3 | F12: =COUNTIFS('Casos de teste'!$B$2:$B$142,$B12,'Casos de teste'!$D$2:$D$142,"Regra/limite") -> 8 | G12: =COUNTIFS('Casos de teste'!$B$2:$B$142,$B12,'Casos de teste'!$L$2:$L$142,"Passou") -> 0 | H12: =COUNTIFS('Casos de teste'!$B$2:$B$142,$B12,'Casos de teste'!$L$2:$L$142,"Falhou") -> 0 | I12: =COUNTIFS('Casos de teste'!$B$2:$B$142,$B12,'Casos de teste'!$L$2:$L$142,"Pendente") -> 13
A13: AJU | B13: Ajuste | C13: =COUNTIF('Casos de teste'!$B$2:$B$142,B13) -> 7 | D13: =COUNTIFS('Casos de teste'!$B$2:$B$142,$B13,'Casos de teste'!$D$2:$D$142,"Positivo") -> 2 | E13: =COUNTIFS('Casos de teste'!$B$2:$B$142,$B13,'Casos de teste'!$D$2:$D$142,"Negativo") -> 3 | F13: =COUNTIFS('Casos de teste'!$B$2:$B$142,$B13,'Casos de teste'!$D$2:$D$142,"Regra/limite") -> 2 | G13: =COUNTIFS('Casos de teste'!$B$2:$B$142,$B13,'Casos de teste'!$L$2:$L$142,"Passou") -> 0 | H13: =COUNTIFS('Casos de teste'!$B$2:$B$142,$B13,'Casos de teste'!$L$2:$L$142,"Falhou") -> 0 | I13: =COUNTIFS('Casos de teste'!$B$2:$B$142,$B13,'Casos de teste'!$L$2:$L$142,"Pendente") -> 7
A14: HIS | B14: Histórico | C14: =COUNTIF('Casos de teste'!$B$2:$B$142,B14) -> 10 | D14: =COUNTIFS('Casos de teste'!$B$2:$B$142,$B14,'Casos de teste'!$D$2:$D$142,"Positivo") -> 4 | E14: =COUNTIFS('Casos de teste'!$B$2:$B$142,$B14,'Casos de teste'!$D$2:$D$142,"Negativo") -> 2 | F14: =COUNTIFS('Casos de teste'!$B$2:$B$142,$B14,'Casos de teste'!$D$2:$D$142,"Regra/limite") -> 4 | G14: =COUNTIFS('Casos de teste'!$B$2:$B$142,$B14,'Casos de teste'!$L$2:$L$142,"Passou") -> 0 | H14: =COUNTIFS('Casos de teste'!$B$2:$B$142,$B14,'Casos de teste'!$L$2:$L$142,"Falhou") -> 0 | I14: =COUNTIFS('Casos de teste'!$B$2:$B$142,$B14,'Casos de teste'!$L$2:$L$142,"Pendente") -> 10
A15: ALE | B15: Alertas | C15: =COUNTIF('Casos de teste'!$B$2:$B$142,B15) -> 10 | D15: =COUNTIFS('Casos de teste'!$B$2:$B$142,$B15,'Casos de teste'!$D$2:$D$142,"Positivo") -> 3 | E15: =COUNTIFS('Casos de teste'!$B$2:$B$142,$B15,'Casos de teste'!$D$2:$D$142,"Negativo") -> 2 | F15: =COUNTIFS('Casos de teste'!$B$2:$B$142,$B15,'Casos de teste'!$D$2:$D$142,"Regra/limite") -> 5 | G15: =COUNTIFS('Casos de teste'!$B$2:$B$142,$B15,'Casos de teste'!$L$2:$L$142,"Passou") -> 0 | H15: =COUNTIFS('Casos de teste'!$B$2:$B$142,$B15,'Casos de teste'!$L$2:$L$142,"Falhou") -> 0 | I15: =COUNTIFS('Casos de teste'!$B$2:$B$142,$B15,'Casos de teste'!$L$2:$L$142,"Pendente") -> 10
A16: SEG | B16: Segurança | C16: =COUNTIF('Casos de teste'!$B$2:$B$142,B16) -> 6 | D16: =COUNTIFS('Casos de teste'!$B$2:$B$142,$B16,'Casos de teste'!$D$2:$D$142,"Positivo") -> 1 | E16: =COUNTIFS('Casos de teste'!$B$2:$B$142,$B16,'Casos de teste'!$D$2:$D$142,"Negativo") -> 4 | F16: =COUNTIFS('Casos de teste'!$B$2:$B$142,$B16,'Casos de teste'!$D$2:$D$142,"Regra/limite") -> 1 | G16: =COUNTIFS('Casos de teste'!$B$2:$B$142,$B16,'Casos de teste'!$L$2:$L$142,"Passou") -> 0 | H16: =COUNTIFS('Casos de teste'!$B$2:$B$142,$B16,'Casos de teste'!$L$2:$L$142,"Falhou") -> 0 | I16: =COUNTIFS('Casos de teste'!$B$2:$B$142,$B16,'Casos de teste'!$L$2:$L$142,"Pendente") -> 6
... A21: DES | B21: Desempenho | C21: =COUNTIF('Casos de teste'!$B$2:$B$142,B21) -> 4 | D21: =COUNTIFS('Casos de teste'!$B$2:$B$142,$B21,'Casos de teste'!$D$2:$D$142,"Positivo") -> 0 | E21: =COUNTIFS('Casos de teste'!$B$2:$B$142,$B21,'Casos de teste'!$D$2:$D$142,"Negativo") -> 0 | F21: =COUNTIFS('Casos de teste'!$B$2:$B$142,$B21,'Casos de teste'!$D$2:$D$142,"Regra/limite") -> 4 | G21: =COUNTIFS('Casos de teste'!$B$2:$B$142,$B21,'Casos de teste'!$L$2:$L$142,"Passou") -> 0 | H21: =COUNTIFS('Casos de teste'!$B$2:$B$142,$B21,'Casos de teste'!$L$2:$L$142,"Falhou") -> 0 | I21: =COUNTIFS('Casos de teste'!$B$2:$B$142,$B21,'Casos de teste'!$L$2:$L$142,"Pendente") -> 4
A22: Total | C22: =SUM(C5:C21) -> 141 | D22: =SUM(D5:D21) -> 43 | E22: =SUM(E5:E21) -> 48 | F22: =SUM(F5:F21) -> 50 | G22: =SUM(G5:G21) -> 0 | H22: =SUM(H5:H21) -> 0 | I22: =SUM(I5:I21) -> 141
A24: Tipo: Positivo = fluxo feliz · Negativo = erro esperado (401, 403, 404, 422) · Regra/limite = regra de negócio ou valor-limite.
A25: Casos como AUT-10, FOR-05, USR-06, USR-09, SAI-13 e PER-06 dependem de o recurso existir no código. Se não existir, é pendência do sistema (status N/A).
A26: Os resultados esperados seguem o padrão FastAPI (422 validação, 409 conflito) e foram escritos a partir do README, sem ler o código. Ajuste se o projeto adotar outros códigos.

Sheet Casos de teste
A1: ID | B1: Módulo | C1: Grupo | D1: Tipo | E1: Caso de teste | F1: Pré-condição | G1: Passos | H1: Resultado esperado | I1: O que NÃO deve acontecer | J1: Se falhar: o que fazer | K1: Severidade se falhar | L1: Status | M1: Responsável | N1: Observações
A2: AUT-01 | B2: Autenticar | C2: Funcional | D2: Positivo | E2: Login válido retorna token JWT | F2: Usuário ativo cadastrado. | G2: Enviar e-mail e senha corretos ao login. | H2: 200 com token JWT (tipo bearer). Senha e hash ausentes na resposta. | I2: Token vazio, erro 5xx, senha ou hash na resposta. | J2: Conferir verificação Argon2 e geração do JWT. Se a senha confere e o login falha, abrir bug. | K2: Crítica | L2: Pendente
A3: AUT-02 | B3: Autenticar | C3: Funcional | D3: Positivo | E3: Token válido acessa rota protegida | F3: Token válido obtido no login. | G3: Chamar uma rota protegida com o cabeçalho Authorization: Bearer <token>. | H3: 200 e dados da rota. | I3: 401 com token válido. Rota liberada sem checar o token. | J3: Comparar segredo e algoritmo usados na emissão e na validação do JWT. | K3: Crítica | L3: Pendente
A4: AUT-03 | B4: Autenticar | C4: Funcional | D4: Negativo | E4: Senha incorreta retorna 401 | F4: Usuário ativo cadastrado. | G4: Fazer login com a senha errada. | H4: 401 com mensagem genérica (ex.: credenciais inválidas). | I4: 200. Mensagem que revela se o e-mail existe. Erro 500. | J4: Revisar a verificação de senha. Se vier 500, anexar o traceback do log ao bug. | K4: Crítica | L4: Pendente
A5: AUT-04 | B5: Autenticar | C5: Funcional | D5: Negativo | E5: Usuário inexistente retorna 401 | F5: E-mail sem cadastro. | G5: Fazer login com e-mail inexistente. | H5: 401 com a mesma mensagem do AUT-03. | I5: 404 ou texto diferente do AUT-03 (permite descobrir e-mails). Erro 500. | J5: Padronizar a resposta de erro do login. | K5: Alta | L5: Pendente
A6: AUT-05 | B6: Autenticar | C6: Funcional | D6: Negativo | E6: Rota protegida sem token retorna 401 | F6: Nenhuma. | G6: Chamar rota protegida sem o cabeçalho Authorization. | H6: 401. | I6: 200, 403 ou 500. | J6: Verificar se a rota usa a dependência de autenticação. | K6: Crítica | L6: Pendente
A7: AUT-06 | B7: Autenticar | C7: Funcional | D7: Negativo | E7: Token adulterado é rejeitado | F7: Token válido obtido. | G7: Alterar um caractere do token (payload ou assinatura) e chamar rota protegida. | H7: 401. | I7: Token adulterado aceito. | J7: Bug de segurança. Validar assinatura e algoritmo no decode do JWT. | K7: Crítica | L7: Pendente
A8: AUT-07 | B8: Autenticar | C8: Funcional | D8: Negativo | E8: Usuário desativado não consegue logar | F8: Usuário desativado. | G8: Tentar fazer login. | H8: 401 ou 403, sem emitir token. | I8: Token emitido. | J8: Checar o filtro de usuário ativo no login. Testar também se o token antigo do usuário ainda funciona. | K8: Crítica | L8: Pendente
A9: AUT-08 | B9: Autenticar | C9: Funcional | D9: Negativo | E9: Login com campos ausentes retorna 422 | F9: Nenhuma. | G9: Enviar login sem e-mail ou sem senha. | H9: 422 indicando o campo ausente. | I9: 500 ou 200. | J9: Revisar o schema Pydantic do login. | K9: Média | L9: Pendente
A10: AUT-09 | B10: Autenticar | C10: Funcional | D10: Regra/limite | E10: Token expirado é rejeitado | F10: Token com expiração curta ou vencido. | G10: Aguardar expirar e chamar rota protegida. | H10: 401 indicando token expirado. | I10: Token vencido aceito. Erro 500. | J10: Verificar o claim exp e o relógio do servidor. | K10: Alta | L10: Pendente
A11: AUT-10 | B11: Autenticar | C11: Funcional | D11: Regra/limite | E11: Limite de tentativas de login | F11: Limite de tentativas configurado (ex.: 5). | G11: Errar a senha acima do limite e depois tentar a senha correta. | H11: 429 ou bloqueio temporário, inclusive para a senha correta durante o período. | I11: Tentativas ilimitadas. | J11: Se o recurso não existir, registrar como pendência do sistema, não como falha. Status N/A. | K11: Média | L11: Pendente
A12: USR-01 | B12: Usuários | C12: Funcional | D12: Positivo | E12: Criar usuário | F12: Administrador autenticado. | G12: Criar usuário com dados válidos. | H12: 201 com id e perfil. Sem senha ou hash na resposta. | I12: Senha em texto na resposta. Erro 500. | J12: Conferir o schema de resposta e a gravação no banco. | K12: Alta | L12: Pendente
A13: USR-02 | B13: Usuários | C13: Funcional | D13: Positivo | E13: Listar usuários | F13: Administrador autenticado e usuários cadastrados. | G13: Listar usuários. | H13: 200 com a lista, sem campo de senha. | I13: Hash na lista. 403 para administrador. | J13: Revisar o schema de saída. | K13: Média | L13: Pendente
... A142: DES-04 | B142: Desempenho | C142: Transversal | D142: Regra/limite | E142: FEFO com 1000 lotes | F142: Produto com 1000 lotes. | G142: Registrar saída por FEFO. | H142: Resposta em até 1 s (meta a definir) e lote correto. | I142: Lento. Lote errado. | J142: Revisar a consulta de lotes (índice por produto e validade). | K142: Média | L142: Pendente

Sheet Guia de erros
A1: O que fazer quando um teste falha (vale para qualquer caso)
A2: Passo | B2: O que fazer
A3: 1. Repetir | B3: Rode o teste de novo, do zero, com o banco no estado da pré-condição. Se passar, anote como instável e investigue concorrência ou dados sujos.
A4: 2. Guardar evidências | B4: Anote o endpoint, o corpo enviado, o status e o corpo da resposta, o horário e o trecho do log do servidor. Para erro 500, o traceback é obrigatório.
A5: 3. Classificar a causa | B5: Bug do sistema, teste escrito errado, problema de ambiente ou dados, ou funcionalidade que ainda não existe (pendência).
A6: 4. Definir a severidade | B6: Use a severidade da coluna 'Severidade se falhar'. Suba um nível se o erro afetar saldo, segurança ou perda de dados.
A7: 5. Atualizar o status | B7: Falhou (bug), Bloqueado (depende de outro caso falho), N/A (funcionalidade inexistente) ou Passou. Preencha Responsável e Observações.
A8: 6. Abrir o bug | B8: Título curto com o ID do caso, passos, resultado esperado, resultado obtido e evidências. Marque o ID do caso no bug.
A9: 7. Reteste | B9: Depois da correção, repita o caso que falhou e rode de novo todos os casos do mesmo módulo (regressão). Em crítica, rode também INT-01.
A10: 8. Liberação | B10: Não liberar versão com caso Crítico em Falhou ou Bloqueado. Falhas Altas só com decisão registrada.
A12: Severidade
A13: Nível | B13: Quando se aplica
A14: Crítica | B14: Saldo errado, saída com saldo insuficiente, FEFO errado, falha de autenticação ou permissão, vazamento de senha, perda de dados.
A15: Alta | B15: Funcionalidade principal incorreta ou alerta que não aparece, mas sem corromper dados.
A16: Média | B16: Validação, filtro ou mensagem incorreta com alternativa óbvia.
A17: Baixa | B17: Detalhe de formato, ordem ou documentação.
A19: Como agir por código de resposta inesperado
A20: Código recebido | B20: O que fazer
A21: 500 (qualquer caso) | B21: Sempre é bug. Um erro do cliente nunca deve virar 500. Anexe o traceback e trate a exceção na camada correta.
A22: 200 ou 201 onde se esperava erro | B22: Bug de validação. Verifique se algum dado foi gravado e limpe antes de repetir.
A23: 401 onde se esperava 403 | B23: Ordem errada: autenticação deve vir antes da permissão. Confira as dependências da rota.
A24: 403 onde se esperava 2xx | B24: Revise a matriz de permissões do perfil usado no teste.
A25: 404 onde se esperava 2xx | B25: Confira o id usado, o estado da pré-condição e a rota.
A26: 422 onde se esperava 2xx | B26: Confira o payload do teste. Se estiver certo, a validação está rígida demais.
A27: 409 ausente em duplicidade | B27: Falta unique no banco ou tratamento do IntegrityError.
A28: Timeout ou sem resposta | B28: Registrar como falha de desempenho ou ambiente. Checar conexão com o banco, pool e travas.
A30: Regras que valem para todos os casos
A31: Regra | B31: O que verificar
A32: Falha não deixa rastro | B32: Quando a operação é rejeitada, o saldo, os lotes e o histórico ficam exatamente como estavam.
A33: Mensagens seguras | B33: A resposta de erro nunca mostra stack trace, SQL, caminho de arquivo, senha, hash ou dados de outros usuários.
A34: Saldo nunca negativo | B34: Em nenhuma situação o saldo de produto ou de lote fica abaixo de zero.
A35: Auditoria | B35: Toda movimentação aceita registra usuário, data e hora, e o histórico não pode ser editado ou apagado.
